{
    "length": 86.1,
    "width": 11.1,
    "perimeter": 194.39999999999998,
    "area": 955.7099999999999
}