{
    "length": 34.8,
    "width": 18.4,
    "perimeter": 106.39999999999999,
    "area": 640.3199999999999
}