{
    "length": 87.8,
    "width": 76.1,
    "perimeter": 327.79999999999995,
    "area": 6681.579999999999
}