{
    "length": 41.3,
    "width": 81.6,
    "perimeter": 245.79999999999998,
    "area": 3370.0799999999995
}