{
    "length": 19.1,
    "width": 16.3,
    "perimeter": 70.80000000000001,
    "area": 311.33000000000004
}