{
    "length": 5.6,
    "width": 77.8,
    "perimeter": 166.79999999999998,
    "area": 435.67999999999995
}