{
    "length": 23.9,
    "width": 87.8,
    "perimeter": 223.39999999999998,
    "area": 2098.4199999999996
}