{
    "length": 12.9,
    "width": 74.4,
    "perimeter": 174.60000000000002,
    "area": 959.7600000000001
}