{
    "length": 93.6,
    "width": 17.6,
    "perimeter": 222.39999999999998,
    "area": 1647.3600000000001
}