{
    "length": 1.6,
    "width": 41.7,
    "perimeter": 86.60000000000001,
    "area": 66.72000000000001
}