{
    "length": 93.7,
    "width": 73.4,
    "perimeter": 334.20000000000005,
    "area": 6877.580000000001
}